Keyword,Search Intent,Priority,Difficulty,Target Page
convert website to android app,Transactional,P1,Medium,/blog/convert-website-to-android-app
website to app converter,Transactional,P1,Medium,/
convert website to app,Transactional,P1,Medium,/blog/convert-website-to-android-app
turn website into mobile app,Transactional,P1,Medium,/blog/turn-website-into-mobile-app
website to app builder,Commercial,P1,Medium,/
wordpress to app,Transactional,P1,Medium,/blog/wordpress-to-android-app
wordpress to android app,Transactional,P1,Medium,/blog/wordpress-to-android-app
shopify to app,Transactional,P1,High,/blog/shopify-to-mobile-app
shopify to mobile app,Transactional,P1,High,/blog/shopify-to-mobile-app
website to app no coding,Transactional,P1,Low,/blog/website-to-app-without-coding
convert website to app without coding,Transactional,P1,Low,/blog/website-to-app-without-coding
free website to app converter,Transactional,P1,Low,/blog/free-website-to-app-converter
best website to app converter,Commercial,P1,Medium,/blog/best-website-to-app-converters-2026
website to apk,Transactional,P1,Medium,/blog/website-to-apk-converter
website to ios app,Transactional,P1,Medium,/blog/website-to-ios-app
how much does it cost to make an app,Informational,P1,Low,/pricing
app development cost,Informational,P1,Medium,/pricing
no code app builder,Commercial,P2,High,/blog/no-code-app-builder
wix to app,Transactional,P2,Low,/blog/wix-to-mobile-app
squarespace to app,Transactional,P2,Low,/blog/squarespace-to-app
webflow to app,Transactional,P2,Low,/convert/webflow-to-mobile-app
website to android app free,Transactional,P2,Low,/blog/free-website-to-app-converter
turn website into app free,Transactional,P2,Low,/blog/free-website-to-app-converter
html to android app,Technical,P2,Medium,/convert/html-to-android-app
react to mobile app,Technical,P2,Medium,/convert/react-to-mobile-app
pwa to android app,Technical,P2,Medium,/blog/pwa-vs-native-app
progressive web app vs native,Informational,P2,Medium,/blog/pwa-vs-native-app
native app vs web app,Informational,P2,Medium,/blog/native-vs-web-vs-hybrid-app
appypie alternative,Commercial,P1,Low,/alternatives/appypie
median alternative,Commercial,P1,Low,/alternatives/median
convertify alternative,Commercial,P2,Low,/compare/websitetoapp-vs-convertify
websitetoapp vs median,Commercial,P1,Low,/compare/websitetoapp-vs-median
websitetoapp vs appypie,Commercial,P1,Low,/compare/websitetoapp-vs-appypie
publish app on google play,Informational,P2,Low,/blog/publish-app-google-play-store
submit app to app store,Informational,P2,Low,/blog/apple-app-store-submission
app store optimization,Informational,P2,Medium,/blog/app-store-optimization
push notifications for apps,Informational,P2,Low,/features/push-notifications
restaurant website to app,Commercial,P2,Low,/solutions/restaurant-website-to-app
ecommerce website to app,Commercial,P2,Medium,/solutions/ecommerce-website-to-app
blog to mobile app,Commercial,P2,Low,/solutions/blog-to-app
news website to app,Commercial,P2,Low,/solutions/news-website-to-app
woocommerce mobile app,Commercial,P2,Medium,/blog/woocommerce-mobile-app
magento to app,Commercial,P3,Low,/convert/magento-to-mobile-app
drupal to app,Commercial,P3,Low,/convert/drupal-to-app
joomla to app,Commercial,P3,Low,/convert/joomla-to-app
portfolio website to app,Commercial,P3,Low,/solutions/portfolio-website-to-app
real estate website to app,Commercial,P3,Low,/solutions/real-estate-website-to-app
church website to app,Commercial,P3,Low,/solutions/church-website-to-app
school website to app,Commercial,P3,Low,/solutions/school-website-to-app
white label app builder,Commercial,P3,Medium,/blog/white-label-app-solutions
monetize mobile app,Informational,P3,Low,/blog/how-to-monetize-your-app
admob integration,Technical,P3,Low,/blog/in-app-ads-admob
app analytics,Informational,P3,Low,/blog/mobile-app-analytics
deep linking mobile app,Technical,P3,Low,/blog/deep-linking-guide
offline mode app,Informational,P3,Low,/features/offline-mode
dark mode app,Informational,P3,Low,/features/dark-mode
gdpr mobile app,Informational,P3,Low,/blog/gdpr-compliance-mobile-apps
